{
    "n_companies_qqq": 30,
    "n_companies_eqw": 30,
    "mean_beta_qqq": 1.0919290726902664,
    "mean_beta_eqw": 1.0163251634570662,
    "corr_betas": 0.9700267025289543,
    "mean_abs_diff": 0.10605693630975573
}