{
    "groupA_n": 16,
    "groupA_mean": 0.010940234747935988,
    "groupA_sd": 0.011309867354159899,
    "groupB_n": 14,
    "groupB_mean": 0.0204539864508029,
    "groupB_sd": 0.010673618743790988,
    "welch_t": -2.3686761526706204,
    "welch_p": 0.025035992478887558,
    "welch_CI": [
        -0.017743550377857655,
        -0.0012839530278761675
    ],
    "mw_p": 0.043782028935725754,
    "perm_p": NaN,
    "bootstrap_diff_CI": [
        -0.017154591920079273,
        -0.0020353631857367056
    ],
    "bootstrap_p": 0.4926,
    "hedges_g": -0.840057455298111
}