{
    "groupA_mean": 0.010940234747935988,
    "groupA_n": 16,
    "groupB_mean": 0.0204539864508029,
    "groupB_n": 14,
    "welch_t": -2.3686761526706204,
    "welch_p": 0.025035992478887558,
    "levene_p": 0.9176256160621237,
    "mw_p": 0.043782028935725754,
    "perm_p": 0.0262
}