{
    "n_companies_qqq": 30,
    "n_companies_eqw": 30,
    "mean_beta_qqq": 1.0919291486909768,
    "mean_beta_eqw": 1.0163251634570662,
    "corr_betas": 0.9700265760819461,
    "mean_abs_diff": 0.10605706335058832
}