{
    "groupA_n": 1296,
    "groupA_mean": 0.011443828722082838,
    "groupA_sd": 0.08573798582155023,
    "groupB_n": 1107,
    "groupB_mean": 0.01974042585085183,
    "groupB_sd": 0.12996095974007812,
    "welch_t": -1.8135174592792807,
    "welch_p": 0.06991301951252393,
    "welch_CI": [
        -0.017269001273559098,
        0.0006758070160211172
    ],
    "mw_p": 0.06766061785073564,
    "perm_p": NaN,
    "bootstrap_diff_CI": [
        -0.017183908086217715,
        0.000585737195089728
    ],
    "bootstrap_p": 0.5012,
    "hedges_g": -0.07653110145675295
}