{
    "modelo": "Volatility ~ Corr_Market",
    "n_observaciones": 30,
    "R2": 0.1852151794863155,
    "R2_ajustado": 0.15611572161082665,
    "F_statistic": 3.0624247885885643,
    "F_pvalue": 0.0910752205996088,
    "AIC": -109.79757449159314,
    "BIC": -106.99517972826882,
    "coeficientes": {
        "intercepto": {
            "valor": 0.1460673286444209,
            "std_error": 0.02823962742583133,
            "t_value": 5.172424070680561,
            "p_value": 2.3107640994322696e-07,
            "IC_95": [
                0.09071867595296194,
                0.20141598133587985
            ]
        },
        "Corr_Market": {
            "valor": -0.2074373401366508,
            "std_error": 0.11853707851004053,
            "t_value": -1.7499785108933665,
            "p_value": 0.08012202184236562,
            "IC_95": [
                -0.43976574484892705,
                0.024891064575625454
            ]
        }
    },
    "diagnosticos": {
        "Durbin_Watson": 2.0685104898068167,
        "Breusch_Pagan_LM": 9.340746358629074,
        "Breusch_Pagan_p": 0.0022411423236612686
    }
}