Variable,Coeficiente,Std_Error,t_value,p_value,IC_inferior,IC_superior
const,0.1460673286444209,0.02823962742583133,5.172424070680561,2.3107640994322696e-07,0.09071867595296194,0.20141598133587985
Corr_Market,-0.2074373401366508,0.11853707851004053,-1.7499785108933665,0.08012202184236562,-0.43976574484892705,0.024891064575625454
