{
    "modelo": "Volatility ~ Corr_Market",
    "n_observaciones": 30,
    "R2": 0.1852181028233294,
    "R2_ajustado": 0.15611874935273395,
    "F_statistic": 3.0624964655987275,
    "F_pvalue": 0.09107162518124262,
    "AIC": -109.79768212770213,
    "BIC": -106.99528736437782,
    "coeficientes": {
        "intercepto": {
            "valor": 0.14606774235035855,
            "std_error": 0.028239567545823394,
            "t_value": 5.1724496883084115,
            "p_value": 2.3104472161962952e-07,
            "IC_95": [
                0.09071920702155853,
                0.20141627767915857
            ]
        },
        "Corr_Market": {
            "valor": -0.20743831202400864,
            "std_error": 0.11853624670021425,
            "t_value": -1.7499989901707738,
            "p_value": 0.08011848797850438,
            "IC_95": [
                -0.4397650864189834,
                0.02488846237096609
            ]
        }
    },
    "diagnosticos": {
        "Durbin_Watson": 2.0685038855821376,
        "Breusch_Pagan_LM": 9.34064981079836,
        "Breusch_Pagan_p": 0.0022412603981574364
    }
}