{
    "modelo": "Volatility ~ Corr_Market",
    "n_observaciones": 30,
    "R2": 0.18521926581844395,
    "R2_ajustado": 0.15611995388338828,
    "F_statistic": 3.0625247626699665,
    "F_pvalue": 0.09107020580555812,
    "AIC": -109.7977249488282,
    "BIC": -106.99533018550389,
    "coeficientes": {
        "intercepto": {
            "valor": 0.14606785699999614,
            "std_error": 0.02823952996082259,
            "t_value": 5.1724606324057,
            "p_value": 2.310311853426776e-07,
            "IC_95": [
                0.09071939533644405,
                0.20141631866354823
            ]
        },
        "Corr_Market": {
            "valor": -0.2074382002510994,
            "std_error": 0.11853563520423958,
            "t_value": -1.7500070750342602,
            "p_value": 0.08011709290521869,
            "IC_95": [
                -0.43976377613598716,
                0.024887375633788317
            ]
        }
    },
    "diagnosticos": {
        "Durbin_Watson": 2.0684997817098747,
        "Breusch_Pagan_LM": 9.340681546720207,
        "Breusch_Pagan_p": 0.0022412215855795612
    }
}