Variable,Coeficiente,Std_Error,t_value,p_value,IC_inferior,IC_superior
const,0.14606785699999614,0.02823952996082259,5.1724606324057,2.310311853426776e-07,0.09071939533644405,0.20141631866354823
Corr_Market,-0.2074382002510994,0.11853563520423958,-1.7500070750342602,0.08011709290521869,-0.43976377613598716,0.024887375633788317
