,F-statistic,p-value
MeanReturn,23.006669857578988,4.8373320225481486e-05
Volatility,62.37783477863918,1.3306346418473314e-08
Beta,32.694602847129985,3.919828122915095e-06
NormVolume,6.666395777262564,0.015349169768413523
