,F-statistic,p-value
AnnualReturn,58.065714349533856,2.7159506621327927e-12
AnnualVolatility,24.987220775028096,2.025105634960759e-08
Beta,24.414111608221447,2.5416928630461524e-08
Sharpe,32.484566710873715,1.4365619611609553e-09
