,F-statistic,p-value
AnnualReturn,30.19350871556344,1.258202144196118e-08
AnnualVolatility,12.388364932044942,3.2018956912231966e-05
Beta,35.905886444677414,2.1507476313856564e-09
Sharpe,22.04325740669361,2.5886543577586127e-07
NormVolume,7.881370251553473,0.0006685351232581477
