,MeanReturn,MeanReturn,MeanReturn,Volatility,Volatility,Volatility,Beta,Beta,Beta,AvgVolume,AvgVolume,AvgVolume
,mean,std,count,mean,std,count,mean,std,count,mean,std,count
Cluster,,,,,,,,,,,,
0,0.012309624247749477,0.009265763480396514,26,0.09203895761353727,0.019162274352532403,26,0.9795711979921913,0.2609194125414178,26,432986620.5901729,534431014.9127008,26
1,0.0353373339591825,0.005504780859945074,4,0.1903575870540975,0.04420552103246414,4,1.8119926609216928,0.34411519238850447,4,3400310876.4902754,4316903071.358511,4
