{
  "mean": [
    0.015379985542607215,
    0.10514810820561195,
    1.0905607263827914,
    19.409294474094498
  ],
  "scale": [
    0.011655549840600384,
    0.04022972364276939,
    0.3855455441463618,
    1.4791097592780562
  ],
  "features": [
    "MeanReturn",
    "Volatility",
    "Beta",
    "logAvgVolume"
  ]
}